{
  "name": "TestPackage",
  "doc": null,
  "methods": [
    {
      "path": "/resp_string",
      "doc": null,
      "args": [],
      "config": {},
      "returns": "<class 'l_22bcb053.InvocableResponse[str]'>",
      "verb": "GET"
    },
    {
      "path": "/resp_dict",
      "doc": null,
      "args": [],
      "config": {},
      "verb": "GET",
      "returns": "<class 'l_22bcb053.InvocableResponse[dict]'>"
    },
    {
      "path": "/resp_obj",
      "doc": null,
      "args": [],
      "config": {},
      "verb": "GET",
      "returns": "<class 'l_22bcb053.InvocableResponse[dict]'>"
    },
    {
      "path": "/resp_binary",
      "doc": null,
      "verb": "GET",
      "returns": "<class 'l_22bcb053.InvocableResponse[bytes]'>",
      "args": [],
      "config": {}
    },
    {
      "path": "/resp_bytes_io",
      "doc": null,
      "verb": "GET",
      "returns": "<class 'l_22bcb053.InvocableResponse[bytes]'>",
      "args": [],
      "config": {}
    },
    {
      "path": "/resp_image",
      "doc": null,
      "returns": "<class 'l_22bcb053.InvocableResponse[bytes]'>",
      "verb": "GET",
      "args": [],
      "config": {}
    },
    {
      "path": "/greet",
      "doc": null,
      "args": [
        {
          "name": "name",
          "kind": "<class 'str'>"
        }
      ],
      "config": {
        "body": 98.6,
        "identifier": "foo",
        "public": true,
        "timeout": 10
      },
      "verb": "GET",
      "returns": "<class 'l_22bcb053.InvocableResponse[str]'>"
    },
    {
      "path": "/greet",
      "doc": null,
      "returns": "<class 'l_22bcb053.InvocableResponse[str]'>",
      "args": [
        {
          "kind": "<class 'str'>",
          "name": "name"
        }
      ],
      "config": {},
      "verb": "POST"
    },
     {
         "args": [{"kind": "<class 'str'>", "name": "name"}],
         "config": {},
         "doc": null,
         "path": "/future_greet",
         "returns": "<class 'foo.InvocableResponse[Task]'>",
         "verb": "POST"
     },
     {
         "args": [{"kind": "<class 'str'>", "name": "name"}],
         "config": {},
         "doc": null,
         "path": "/future_greet_then_greet_again",
         "returns": "<class 'foo.InvocableResponse[Task]'>",
         "verb": "POST"
     },
    {
      "path": "/workspace",
      "doc": null,
      "returns": "<class 'l_22bcb053.InvocableResponse[str]'>",
      "args": [],
      "config": {},
      "verb": "GET"
    },
    {
      "path": "/raise_steamship_error",
      "doc": null,
      "verb": "POST",
      "args": [],
      "config": {},
      "returns": "<class 'l_22bcb053.InvocableResponse[str]'>"
    },
    {
      "path": "/raise_python_error",
      "doc": null,
      "verb": "POST",
      "returns": "<class 'l_22bcb053.InvocableResponse[str]'>",
      "config": {},
      "args": []
    },
    {
      "path": "/user_info",
      "doc": null,
      "verb": "POST",
      "returns": "<class 'l_22bcb053.InvocableResponse[dict]'>",
      "config": {},
      "args": []
    },
    {
      "path": "/json_with_status",
      "doc": "Our base client tries to be smart with parsing things that look like SteamshipResponse objects, but there's\n        a problem with this when our packages response with a JSON string of the sort {\"status\": \"foo\"} -- the Client\n        will unhelpfully try to coerce that string value into a Task object and fail. This method helps us test that\n        we are handling it properly.",
      "returns": "<class 'l_22bcb053.InvocableResponse[dict]'>",
      "verb": "POST",
      "config": {},
      "args": []
    },
    {
      "path": "/config",
      "doc": "This is called get_config because there's already `.config` object on the class.",
      "config": {},
      "args": [],
      "verb": "GET",
      "returns": "<class 'l_22bcb053.InvocableResponse[dict]'>"
    },
    {
      "path": "/learn",
      "doc": "Learns a new fact.",
      "returns": "<class 'l_22bcb053.InvocableResponse[dict]'>",
      "config": {},
      "args": [
        {
          "name": "fact",
          "kind": "<class 'str'>"
        }
      ],
      "verb": "POST"
    },
    {
      "path": "/query",
      "doc": "Learns a new fact.",
      "returns": "<class 'l_22bcb053.InvocableResponse[dict]'>",
      "config": {},
      "args": [
        {
          "name": "query",
          "kind": "<class 'str'>"
        },
        {
          "name": "k",
          "kind": "<class 'int'>"
        }
      ],
      "verb": "POST"
    }
  ]
}